fips,random_intercept
01001,-0.06193501060639759
01003,2.0198236428848126
01005,-0.92428892777521
01007,-0.5184861843111658
01009,0.8271092568238337
01011,-1.3574347322848697
01013,-1.1361449435952033
01015,0.9293471907222958
01017,-0.952111128819019
01019,-0.278514322513778
01021,-0.5727782114782392
01023,-0.6531152268152248
01025,0.022486412265176312
01027,-0.2886784960596375
01029,-0.26058859487989017
01031,-0.9242775841628517
01033,-0.7436627018139728
01035,-0.8150791193104635
01037,-0.5695266603084747
01039,-0.6259701217327895
01041,-0.6185271659325337
01043,0.9691989109857901
01045,0.5921128552841536
01047,-1.327166309733449
01049,-0.37881533177476767
01051,0.0793933440179238
01053,-0.8805666124963587
01055,-0.663436260708478
01057,-0.24421729324989486
01059,0.8856672944984777
01061,-0.6552472544660186
01063,-1.621035490085597
01065,-1.2496687653889458
01067,-1.0568795713506478
01069,-1.0793198043984635
01071,0.8610823221193961
01073,1.3069668102630279
01075,-0.28092905898983606
01077,-0.7619883970373882
01079,0.4358033386557758
01081,0.5655172569259251
01083,-1.0206663789981756
01085,-0.7494170245796837
01087,-1.4639867395598838
01089,1.2234255313325049
01091,-0.9818403216800591
01093,-0.2281328608894009
01095,0.7940230333909257
01097,0.6021325983087684
01099,-0.8692692299446643
01101,0.2147588595846557
01103,0.248313656300072
01105,-1.1235919357240545
01107,-0.8967258074126425
01109,-0.07424892330549271
01111,-0.3048858412921503
01113,-1.4082582856488906
01115,0.4422342865551869
01117,-0.21960712879682193
01119,-1.21360851611756
01121,1.4776284435578915
01123,-0.6372039623545327
01125,1.9018176075589897
01127,-0.4783013324400423
01129,-0.5922626953633977
01131,-1.043778835010931
01133,1.4037081200970343
02013,-0.27475019163325387
02016,0.30379896444169324
02020,1.0426524851054797
02050,0.8181822271144331
02060,-0.974908996727945
02063,0.6222095581237216
02066,-0.5413978610761919
02068,2.179175413247117
02070,0.6410178781376672
02090,2.5002291689965026
02100,-0.6635749061784884
02105,-0.5129478748615655
02110,1.1044235972994842
02122,1.7426205880290955
02130,2.0485683388047855
02150,1.8930628271527323
02158,-0.3592455160465828
02164,0.6288694460605153
02170,1.0217577172375185
02180,-0.4834326893398714
02185,1.954055772718457
02188,0.6351377190697753
02195,-0.5668587219261384
02198,0.7756732755319499
02220,-0.4938099572037069
02230,1.9620971329369572
02240,1.3503260253248435
02275,-0.5196524663912808
02282,-0.5759146476568855
02290,-0.48545994716082025
04001,1.2436824350349476
04003,2.421231129107652
04005,2.245587573151753
04007,0.12370800240787741
04009,0.8917618223916904
04011,-1.077324765628376
04012,-0.2603497051732148
04013,1.2317014640478465
04015,0.270892658162458
04017,0.37634223119806887
04019,1.278908628269404
04021,2.479605897332692
04023,2.2410352005356495
04025,2.3672751840231916
04027,0.8535950842091067
05001,-0.7976168825516519
05003,-0.41150201844372863
05005,2.1198738646077615
05007,-0.15017426288364444
05009,-0.45116347692802705
05011,-0.5469689448032357
05013,0.8274752422406376
05015,-0.027480924667471415
05017,-0.9613320922532124
05019,-0.818094922715614
05021,-0.4044101768465107
05023,0.6395865792940684
05025,-0.3655756965732541
05027,-0.5001853637796957
05029,-0.7042361716621213
05031,0.7239824547086899
05033,0.3091244970130412
05035,-1.4567879645632054
05037,-0.6693678809060948
05039,0.20079669772635644
05041,0.4333052495641308
05043,-0.5574883430016992
05045,-0.19711468714478156
05047,-0.37819511688702406
05049,-0.44571734229268944
05051,-0.08729237643048794
05053,-0.7134786255785974
05055,-0.566883249981511
05057,-0.7804067249205707
05059,-0.6446481144522879
05061,-0.4762125140638909
05063,-0.4000063540589354
05065,-0.314937918665912
05067,-0.612744134867554
05069,-1.5603037480992012
05071,2.583053158661803
05073,0.9411317965308502
05075,-0.5142659195077869
05077,-0.8124963407454909
05079,-0.4780680182164591
05081,-0.7836142781435856
05083,-0.4459497613955084
05085,-0.9794807151775536
05087,-0.7961717579558183
05089,0.9231507386382047
05091,1.1177037393438451
05093,-0.7919697644112773
05095,-0.7435008526917699
05097,-0.3454540215905199
05099,-0.37985971610244906
05101,-0.42927021726673403
05103,-0.7937891758858282
05105,-0.7590904816459056
05107,-0.9128803730014434
05109,-0.30064485153378756
05111,-0.6124662820447322
05113,-0.31640440830975336
05115,-0.6947352382682968
05117,-0.48089754709503474
05119,2.3107927245876625
05121,-0.32503229456132293
05123,0.5333350123473564
05125,-1.165420389905193
05127,-0.3169430686960691
05129,-0.23517218525085196
05131,-0.13094525770390894
05133,-0.5276682459511007
05135,0.9799318044685372
05137,1.104191909250143
05139,-0.6060530083608214
05141,-0.3692214651147766
05143,-0.2825003999557703
05145,1.3040867761326254
05147,-0.5252966143822869
05149,0.649215662626505
06001,0.8309360007584227
06003,-1.6118378256528278
06005,-0.5071491016230685
06007,0.2769777295104233
06009,1.6901351158015705
06011,-0.3401101378633101
06013,0.09364145443276528
06015,1.2575068835331398
06017,2.132683590576826
06019,2.0920760360811417
06021,-0.21427354767121118
06023,-0.2156199803224881
06025,2.2817715808909997
06027,1.4137473279137793
06029,2.99964244374946
06031,0.6386691220082515
06033,0.3884068473331639
06035,0.972234888301014
06037,0.7792079589307177
06039,1.6895136802823125
06041,1.2286192851577056
06043,2.1985665012979956
06045,0.1941585307595231
06047,0.32606882190768033
06049,1.9899984141289366
06051,-1.2701543272643856
06053,0.34744929917217543
06055,-0.14542902277547076
06057,-0.6771141934072723
06059,1.6872965596623661
06061,-0.1824709908752706
06063,0.9813831719892796
06065,2.316242345472342
06067,1.510062703971503
06069,-1.5706725777356036
06071,2.1756575529489064
06073,0.9762087776101307
06075,0.12778689358198486
06077,1.2913843847491964
06079,0.07130036751030798
06081,1.140427792662744
06083,1.7736351720115706
06085,1.357834341748521
06087,0.19495523290985
06089,1.1575868834019705
06091,0.4883911989082779
06093,1.9820721437822084
06095,-0.6925284510453558
06097,0.20239369983520103
06099,1.3292396376570461
06101,0.18873531157732773
06103,1.667078430620824
06105,1.156300299927423
06107,2.197754875514195
06109,2.0094598823556247
06111,2.10738692986831
06113,-0.4605834589032952
06115,-0.533752339407312
08001,-0.2542084609512487
08003,0.13626424746096305
08005,-0.11104638548760111
08007,-0.08699380442426813
08009,2.4550985599636386
08011,1.1827591817060097
08013,1.613642334087573
08014,-1.7492585805716352
08015,-0.36670586060021065
08017,-0.26569790603810933
08019,-2.0623065383573005
08021,-0.9915839094381752
08023,-1.18379741038229
08025,-0.49024037216492816
08027,-0.7088424573403693
08029,2.7263704872542855
08031,0.7083978164906531
08033,0.9546861778616526
08035,0.37124986322879583
08037,0.09905279426970375
08039,-0.962807220097431
08041,1.771251148633427
08043,0.9185308482761823
08045,1.7228059945635827
08047,-0.9832298483363024
08049,-0.30073359389084525
08051,0.29035637464499947
08053,-1.0608635946162712
08055,1.2456393783784334
08057,-0.2930852100121844
08059,-0.5151396791163374
08061,1.260288506802028
08063,-0.35979508067461285
08065,-0.7898767219812389
08067,-0.0026136063246261975
08069,0.9756480163908011
08071,0.11347496438657331
08073,-0.4029220531034839
08075,-0.6183331850543223
08077,2.3315499250606164
08079,-0.822636709677525
08081,2.813984612356208
08083,-0.1660306463824185
08085,0.7932190333953244
08087,-0.6831473270430525
08089,0.42754916319997965
08091,-1.6064321143730607
08093,1.1916871186469484
08095,-0.30174584031618695
08097,-0.01821750382667327
08099,0.9168595183891094
08101,-0.6501294145832168
08103,0.9261845965460511
08105,-0.8255312921664717
08107,-0.48547824233077047
08109,-0.18135683048472956
08111,-1.40383634934547
08113,-1.2654573984534077
08115,-0.3692950926841734
08117,0.07972855949713793
08119,0.6854218482184441
08121,-0.322672147155593
08123,0.9756244901486649
08125,-0.29201596936988045
09110,2.7285068514864936
09120,0.1752454169705967
09130,1.9231829797728315
09140,0.21455041118459775
09150,0.9661948198171456
09160,1.4668759977521972
09170,2.7519290322106924
09180,1.3222253288622983
09190,0.8403404392167324
10001,-0.49100347270774525
10003,-2.1296468517194937
10005,-1.5909797720900347
11001,0.4609108226093384
12001,0.8840741408547076
12003,1.1050797592790047
12005,0.9030574345924675
12007,1.0103785889947212
12009,1.3490967389185915
12011,1.0978040484860694
12013,-0.5972860040706959
12015,-0.49582366773965614
12017,2.5512477997744223
12019,0.4490059467758614
12021,1.7451281327627257
12023,-0.28802192727627524
12027,-1.0701477235250958
12029,-0.5426193679525316
12031,1.1082309857177386
12033,0.11395654058702707
12035,-0.3461354673174087
12037,0.63003186630418
12039,-0.6533993745368718
12041,-1.1279702807431935
12043,0.9497419710785305
12045,0.6847022719366658
12047,-0.8005737258768743
12049,-0.09787480743736121
12051,-1.2800398370730892
12053,-0.6886919381199724
12055,-1.7460011067979155
12057,1.3100094527656823
12059,-0.5635944213191343
12061,1.8351400982195127
12063,0.4340585997699662
12065,-0.90779137925768
12067,-0.555814395650514
12069,-0.68682616348742
12071,1.60193202305323
12073,-0.3906161404927999
12075,-1.323806745962694
12077,-0.6391576081629312
12079,0.007399302691726251
12081,1.1307397917725237
12083,-0.7378302831083091
12085,0.15446640218118202
12086,0.8391852924139449
12087,2.4018404915839344
12089,-0.22007162405857775
12091,0.11011905599605926
12093,-0.13433520700371226
12095,0.6794035841590579
12097,-2.966816514776218
12099,1.3507186911982243
12101,-2.161464754836626
12103,1.6906499756417
12105,1.0094495252763986
12107,0.6078814886525395
12109,-1.3337037469146946
12111,0.31159556746477124
12113,-1.6159389189252427
12115,0.14494665148141522
12117,-1.1452772884896094
12119,-0.47498305796486767
12121,0.554677236799774
12123,-0.9164168895642245
12125,0.4465832087964638
12127,0.10167852535819254
12129,-0.9912636379011404
12131,0.5347695351497672
12133,-0.9356397924434733
13001,-0.44276985499003513
13003,-0.5301001606623
13005,-0.40088414834186664
13007,-0.739108348425605
13009,-1.1191536379241178
13011,-0.30623112480229964
13013,-0.2754750137174777
13015,0.0563358908830765
13017,-0.48942947409006404
13019,-0.4245931321705399
13021,-0.8268912305743356
13023,-0.5009006529138025
13025,-0.6631700527031767
13027,-1.1386134245791701
13029,-0.24545895534722237
13031,0.8566822002622205
13033,-1.587321625167852
13035,-0.9193472868240781
13037,-0.986391124865916
13039,-1.327458841740543
13043,-0.7656908733499104
13045,-0.9438315296182754
13047,-0.9209703530459955
13049,3.164057670554303
13051,-0.6132328019377489
13053,0.254490180457263
13055,-0.48997997583209285
13057,-1.2851429131027556
13059,0.9919878096563544
13061,0.08215277199500187
13063,-0.3379980702008914
13065,0.6231016275765348
13067,0.7564415210975182
13069,-0.7083173314950904
13071,-0.8188803011226968
13073,-0.8137348072286974
13075,-1.010778701898905
13077,-0.4116541436938073
13079,-0.8417466108531477
13081,-0.7192161553011789
13083,0.2666464118907129
13085,-0.8000654533534868
13087,-0.090351185298927425
13089,-0.47968413466645254
13091,-0.3583596674088387
13093,-0.866618597445216
13095,-1.8018949453166266
13097,-0.7273645477574435
13099,-0.12826919238836376
13101,0.2570517983733272
13103,-1.5453688285293223
13105,-0.611935145573782
13107,-0.5909883726006739
13109,-0.8280214279917407
13111,-0.4247785913112582
13113,-1.2442521540751879
13115,0.13647804209919231
13117,-1.4680170575423819
13119,-0.24432304035453564
13121,1.3718807691808352
13123,-0.6010751579666144
13125,-0.3006165837331727
13127,-0.14146054565130958
13129,-0.6907128711922231
13131,-0.01967261515929388
13133,0.11502244782170173
13135,-0.40478920451131867
13137,-0.5912086156358082
13139,-0.1020948239047667
13141,-1.030623869952533
13143,-0.537643424884129
13145,-1.1950224028613996
13147,-0.702064175015299
13149,-0.48130444864984995
13151,-2.363416124833235
13153,-0.8846302362983455
13155,0.894677559451193
13157,-0.88396779802363
13159,-0.7141714248736964
13161,-0.37236046889749697
13163,-0.9222752109700846
13165,-0.7436299961317342
13167,-0.49157865829000247
13169,-0.9714519202140827
13171,-0.8242233488463405
13173,-0.9230397065753786
13175,-0.7181843729945864
13177,-1.1028369040303057
13179,-1.7452142452649388
13181,-0.7492039199636186
13183,-1.816448541637333
13185,-1.5712341201792281
13187,-0.7208632122175419
13189,-1.0166321927039466
13191,-1.2646923167865904
13193,-1.0049916410937105
13195,-0.7164028950190803
13197,-1.015820491859068
13199,0.6568045219749793
13201,-0.522306067396575
13205,-1.1397869798505862
13207,-0.9079876088040926
13209,-0.729086709419283
13211,-1.072907569523548
13213,-0.6270778602989584
13215,-2.0538044129551074
13217,-1.9754887615938816
13219,-0.3835766573286126
13221,-1.0168721758340518
13223,-0.7551696500232173
13225,-1.4357256034227301
13227,-0.7181602778736422
13229,-0.5023829519580424
13231,-0.6483088330419368
13233,0.7227263027523896
13235,-0.6422296390618962
13237,0.7885379848502665
13239,-0.8024734501352072
13241,-0.4435953981501193
13243,-0.805248784169413
13245,-2.104935033782101
13247,-2.57039852986741
13249,-0.44981271056825417
13251,-0.9891066868006052
13253,-0.7358562761796745
13255,-1.1391637551482159
13257,-0.41801945674562097
13259,0.6579851696160794
13261,-0.23278373957880463
13263,-1.5503073234226823
13265,-1.0622766890976543
13267,-0.5784532180769612
13269,-0.39606547423301075
13271,0.6787660085008134
13273,-0.045882071411108546
13275,-1.2633562589124778
13277,-0.07657429178932104
13279,1.6718604918375086
13281,-0.45304455238600366
13283,-0.5763015769429733
13285,-0.9120150148914394
13287,0.6568281696353646
13289,-0.3638350025075476
13291,0.7791449674574737
13293,-0.6325646645954222
13295,-0.7119710465574512
13297,-0.980025186558983
13299,0.14645281521930764
13301,-0.9241795801079745
13303,-1.0402851623172047
13305,-0.7750167079992243
13307,-0.5531506757528036
13309,-0.6488877707030686
13311,-0.4025024225533104
13313,1.1112661743513046
13315,-0.35534084528303356
13317,0.20307072981571914
13319,-0.6937985191010189
13321,-0.9866129761766451
15001,-1.6202184332397953
15003,2.01763474673859
15005,-0.3565215214816803
15007,-0.9204396235804082
15009,-0.2567588480143037
16001,2.225484940201541
16003,-0.31204015397679946
16005,-0.9003064932291193
16007,-0.19917685637720586
16009,2.130085151646107
16011,-0.46745380914135365
16013,-0.654729483998386
16015,4.208089085546274
16017,1.3562657501207735
16019,1.6010153314708973
16021,1.8218581957309865
16023,1.277652178251432
16025,-0.4093298819663303
16027,2.6030130130238933
16029,-0.24910284559416698
16031,-0.3942223311819518
16033,-0.33141350247826856
16035,-0.2627536437476038
16037,2.8179999203277912
16039,1.1714214659300157
16041,-0.43002028016450533
16043,-0.2439587183164423
16045,-0.4749719391257353
16047,-0.2614242533017175
16049,-0.26028467257806875
16051,0.8497541199658342
16053,0.6985964781286266
16055,1.1501651444925762
16057,1.9672738340410638
16059,-0.3045881452867639
16061,-0.2324235881055352
16063,-0.35141282137927254
16065,-0.20324932710713609
16067,3.328269668462407
16069,1.0867260180571718
16071,-0.2049575592942122
16073,2.5376341848112283
16075,-0.43553716082168376
16077,-0.4359270746562601
16079,-0.4977594845925638
16081,-1.0433070748326962
16083,1.7409975640736295
16085,0.5981290906498576
16087,-0.36024543035028417
17001,3.284188176889625
17003,1.4127145492991129
17005,-0.49181827941552314
17007,0.13085358936427058
17009,-0.23818695926083866
17011,0.8937365861060541
17013,0.7886791032035875
17015,-0.362961511910654
17017,0.7177525264299663
17019,2.608439841179723
17021,-0.4202141549444174
17023,-0.26680427718019406
17025,2.624095579595101
17027,0.6743609802690502
17029,1.6339803525969636
17031,0.9161230610061949
17033,1.0036932035208863
17035,2.387725929127446
17037,0.6087065481467169
17039,-0.440707219317328
17041,2.543785432589995
17043,2.117949396481763
17045,1.0126844652872429
17047,1.6809489713979602
17049,1.3909976693890396
17051,1.339658962950074
17053,-0.46977244957173786
17055,-0.20462386200821542
17057,0.6032489520573565
17059,-0.19348231710943098
17061,-0.18749852143170184
17063,-0.8095631337143151
17065,-0.1870113130288401
17067,-0.2406185289370673
17069,1.435826174551684
17071,-0.3232117664682756
17073,0.9167788219476873
17075,1.4266795198559694
17077,1.1052392932834503
17079,-0.20545741296984732
17081,1.2887962576511451
17083,-0.48302083087069636
17085,0.6030185568009123
17087,-0.18178917229744834
17089,1.5960558506553166
17091,2.4088318682145142
17093,-1.3840832793565345
17095,0.40023096005511233
17097,2.0771355709671484
17099,1.2227007531140788
17101,-0.1997491350789621
17103,1.2443561707691464
17105,-0.4393914415459301
17107,2.793359967038747
17109,1.0128308432897957
17111,0.8426605006664903
17113,2.1514692368311383
17115,1.6456137996222344
17117,-0.4956114385254243
17119,1.2977656857198783
17121,3.001585879961792
17123,-0.5965340006208177
17125,2.1623272779433296
17127,-0.4035557671960019
17129,-0.5806087953723823
17131,0.938659644321841
17133,0.36072168825056733
17135,0.9415011103880341
17137,1.528167074640003
17139,-0.28250467542847296
17141,-0.6219231859617688
17143,-0.06760690071112528
17145,-0.19739263082870542
17147,-0.7728141166224499
17149,1.5700398600903642
17151,-0.17822180689279415
17153,1.4225585135990375
17155,2.1955847156501624
17157,-0.3754561389613356
17159,1.3367059352423436
17161,1.7598066340186886
17163,0.8035020618936957
17165,-0.2074973072865411
17167,3.668400741858449
17169,3.5758611224404024
17171,-0.22174355980688756
17173,1.3784757609700709
17175,-0.49553035850226607
17177,-0.6291787166297429
17179,1.0178947671238758
17181,1.119863608261328
17183,3.2062033917046637
17185,-0.21496761554514254
17187,-0.6142727083408258
17189,-0.2657243146316001
17191,-0.14629076364705354
17193,-0.27012796468695116
17195,1.6125976954699364
17197,2.2136009900354194
17199,-0.43909017763929054
17201,1.139035564909973
17203,-0.610177821972323
18001,-0.5008737229917412
18003,0.6256573651248123
18005,-0.9632441595463678
18007,-0.6830060618698603
18009,-0.42279587819899955
18011,1.1122799912814647
18013,-0.9330519841312351
18015,0.43127292702065706
18017,0.4954304538744546
18019,0.39900335968428285
18021,1.8746220109666902
18023,-0.6545897440016475
18025,1.3326641088641045
18027,-0.30492909630471604
18029,0.5362685572307583
18031,-0.5272672617354572
18033,-0.8886718006272155
18035,0.8139706538846976
18037,-0.6884921105725242
18039,0.6686633591104769
18041,-0.3908475888901414
18043,-1.1643376819299733
18045,-0.30400416059322277
18047,0.6690787583215272
18049,-0.36133430028789393
18051,-0.5576564085280671
18053,0.7175337426685694
18055,-0.4790690702958198
18057,0.19517993391153612
18059,-1.0360435248936248
18061,-0.7701761949788595
18063,-1.2676003288249942
18065,-0.5462802809876356
18067,0.21349993388633992
18069,-0.5815265190282594
18071,1.3800226534791447
18073,1.1023071784810543
18075,-0.4739299810650132
18077,-0.720871965822769
18079,-0.44911631816406306
18081,-0.04294066621427113
18083,-0.3653119819374972
18085,-0.6102001963664851
18087,-0.4246776679360537
18089,1.0874800132634455
18091,1.4373092046909457
18093,0.7070305077142608
18095,-0.9484308698727674
18097,1.83060787016692
18099,-0.6417437301599577
18101,-0.24652411279950273
18103,-0.4541759760182283
18105,1.0681134869705842
18107,0.5715272585387019
18109,1.1195543159047707
18111,-0.5408318837607516
18113,-0.6078828772341273
18115,-0.6271720032359769
18117,1.0589393248388326
18119,-0.6429145198815721
18121,-0.2557305865061405
18123,-0.5325255729526982
18125,-0.34632069841986207
18127,-1.2671897234357752
18129,-0.7680928552954539
18131,-0.33669115391106363
18133,-0.6001851728382932
18135,0.8353394843617538
18137,-0.471880964492063
18139,-0.4765348694925368
18141,1.3823400730059927
18143,-0.48179243337270067
18145,-0.6769032809370323
18147,0.7052549578123295
18149,-0.3190082940825798
18151,-0.7837661556808109
18153,-0.5812402269263364
18155,1.046927180588351
18157,0.8672944036243811
18159,-0.6246136326281128
18161,-0.43984487350455
18163,-0.1495203940060623
18165,0.492584932701776
18167,0.184709308474694
18169,-0.5642174535147875
18171,-0.5595893081465392
18173,-1.0136436333684287
18175,-0.5586446080801385
18177,0.5039859618496231
18179,-0.6587222476813804
18181,-0.6384861158172518
18183,-0.6710005752312377
19001,-0.39416445378966913
19003,-0.6544708602580218
19005,2.85778093397189
19007,-0.25703712236269954
19009,-0.41954089173725634
19011,-0.8722703106388023
19013,0.703549097268637
19015,-1.0435907249752134
19017,-1.0270054169068592
19019,-0.8091097745111976
19021,0.5120909484541457
19023,1.7972864507949957
19025,-0.4173607319385038
19027,-0.4623641686738146
19029,-0.474613835790354
19031,0.444788214754132
19033,1.4599951842516947
19035,-0.35701309669750464
19037,-0.5164913611679344
19039,-0.5333153234797553
19041,-0.39994266482214774
19043,0.8672591085979261
19045,0.011979792654417384
19047,0.9298069824659443
19049,0.019728576189380405
19051,-0.3779820981513122
19053,-0.3180115722091439
19055,-0.4842449942064508
19057,3.6830535688848673
19059,0.7176048133539913
19061,1.0520245097495198
19063,-0.4763298333436333
19065,-0.6745757313415801
19067,-0.5417235525127039
19069,-0.3876004932301044
19071,-0.4398549248379703
19073,-0.4983680497720973
19075,0.26520141802575975
19077,-0.7969731747797235
19079,0.9264216919597505
19081,-0.3729971071248021
19083,1.9839118202517156
19085,-0.7630836478773076
19087,-0.6909349062696722
19089,-0.5953480293927085
19091,-0.32769746438172387
19093,-0.3440121484346529
19095,0.6474589269067262
19097,-0.6888046605049465
19099,-0.9673215506636157
19101,-0.6967369382775215
19103,1.97912176885774
19105,-0.9105874761290951
19107,-0.3948821316615844
19109,-0.41778930067795245
19111,0.7493153461860952
19113,1.923597566168015
19115,-0.4746388384163685
19117,-0.2892509122590679
19119,2.0434029958943625
19121,-0.8360952533665259
19123,0.7669634182799518
19125,-0.7345283341566449
19127,0.6024355793200846
19129,-0.8458773104812498
19131,0.5855734094124397
19133,-0.40086085933085275
19135,-0.4096078068840751
19137,1.3304622161693491
19139,1.2156095203808512
19141,-0.31534417747224586
19143,-0.21730696679296643
19145,-0.5328662367662588
19147,-0.39307816123044054
19149,1.3348171512146096
19151,-0.38861424921380583
19153,1.810458414998718
19155,2.2535094368860515
19157,1.2518518979836812
19159,0.9132125759823
19161,-0.3879506469844614
19163,0.740886218125464
19165,-0.48425070516090746
19167,1.6735162276680735
19169,1.1445157656788985
19171,0.4182446173331107
19173,1.10546775893805
19175,1.3239001931759704
19177,-0.3137639496394668
19179,2.606267433184623
19181,-0.2317502842399368
19183,-0.965203045649044
19185,-0.2618346994378621
19187,0.39061572518413085
19189,-0.5541786528086402
19191,2.248580496778629
19193,2.3208060504074397
19195,-0.6010935507084053
19197,0.9048828978160963
20001,-0.4556020835126248
20003,0.9814564434524091
20005,-0.7554816277553004
20007,-0.2273893299642029
20009,-0.36054698053076595
20011,-0.5545507202431892
20013,0.8407950077766346
20015,0.024686874072112962
20017,0.7212789415127585
20019,-0.23914539968468845
20021,-0.6773935399243611
20023,-0.24393203496777124
20025,-0.3154773759928835
20027,0.9419233552644962
20029,-0.3893713765474147
20031,-0.43102595997952614
20033,-0.3078989789888983
20035,1.06874039475134
20037,-0.7370033075733733
20039,-0.2825081038386008
20041,-0.6537441112480773
20043,-0.6187492171831491
20045,-0.013576351972856266
20047,-0.2772692413465704
20049,-0.2602027433431992
20051,-0.5345333786981659
20053,-0.482924461758984
20055,0.8129018516698004
20057,-0.7913288510914412
20059,0.1993669056786727
20061,-0.5722725903412985
20063,-0.34864597387315677
20065,-0.31975290237404275
20067,-0.454051612807882
20069,0.9750810282854863
20071,-0.30894369256607573
20073,-0.32742539411136046
20075,-0.449074713112585
20077,-0.2858935747127179
20079,-1.232410952590988
20081,1.8837797678279828
20083,-0.3638723735587226
20085,0.6700622635742088
20087,-1.0297108928572687
20089,1.3163723648923196
20091,-0.00821020017872883
20093,-0.40308446678469934
20095,-0.44450830724584733
20097,-0.3926081768946123
20099,-0.48180336308542016
20101,-0.3175310508196919
20103,0.7735734479584514
20105,1.0598410710191144
20107,-0.5818353298236811
20109,-0.26291390042982615
20111,-0.03652079786206157
20113,-0.6271394536517045
20115,-0.4840389807116788
20117,-0.4957729181497281
20119,-0.3805547574936229
20121,-0.9907870702040954
20123,-0.3103311798855478
20125,-0.4156388514300026
20127,-0.5107116934011848
20129,1.350690578490734
20131,1.0406213276967629
20133,-0.3980548355473456
20135,-0.24360011561109263
20137,-0.3466778988251816
20139,-0.7562850374287519
20141,-0.2884195260171428
20143,-0.30146679441689317
20145,-0.5118266725515588
20147,2.2230555280380027
20149,-0.8900749709246122
20151,-0.5009877017216504
20153,-0.3141703314871853
20155,1.455541549691939
20157,-0.2806761336089263
20159,-0.48506535413149277
20161,-1.2697519069272427
20163,-0.3856617401788619
20165,-0.32237478747483894
20167,-0.32791319102998856
20169,-0.9216307053358895
20171,-0.29132293321591096
20173,0.23805867390440788
20175,-0.5609173123913821
20177,1.075044986273257
20179,-0.24037496649735615
20181,-0.31149625340185516
20183,-0.3443309158223604
20185,-0.3386435968553168
20187,-0.3384464779966386
20189,1.3696436208156948
20191,-0.7352860102201552
20193,-0.3916267405102213
20195,-0.3595015817302435
20197,0.09437493386358288
20199,-0.21628142832275166
20201,-0.3422032914826998
20203,4.116593405809344
20205,-0.3053898783811789
20207,-0.33529696385504576
20209,1.8688351925896514
21001,-0.19757957921866398
21003,0.8839310520842397
21005,-0.5776155452339456
21007,0.762729392028768
21009,0.960017650478849
21011,-0.22756341492796675
21013,-0.1276102229633624
21015,1.0763495729438939
21017,-0.8112324430023657
21019,-0.6964837600379595
21021,0.6839036000194694
21023,-0.37654204691352183
21025,1.5665683452925063
21027,-0.2303329662533737
21029,-0.7187189666992321
21031,0.9546414023893834
21033,-0.30499392044138685
21035,-0.42679703856532036
21037,0.4547752097708208
21039,-0.40122016344131034
21041,-0.416689639290166
21043,-0.43788764919561224
21045,-0.1273933942133678
21047,0.811184245982083
21049,-0.8259621465642182
21051,1.8799729846285953
21053,-0.16103323897080998
21055,1.4285298550436942
21057,-0.10341077507993426
21059,0.9184823626687629
21061,-0.4302788958775724
21063,-0.1567406225278967
21065,-0.18337573363533513
21067,0.15355059360631063
21069,-0.18859007256341806
21071,-0.16763330264627882
21073,-0.17623918628771207
21075,-0.26271061550951996
21077,-0.5106760242836637
21079,1.2936034247453236
21081,-0.5503585923053719
21083,1.1195678584119146
21085,-0.3317208115997786
21087,-0.16504948042364784
21089,-0.5706679991125551
21091,-0.35026368660247337
21093,0.43994625598771286
21095,-0.11030738102383165
21097,-0.4843722011659299
21099,-0.2400839550753075
21101,-0.6934967342427353
21103,-0.529387477174845
21105,-0.22438467739242957
21107,0.895106796643059
21109,-0.12035284633951361
21111,0.8085339441987777
21113,-0.8835366486475151
21115,-0.1471101722956904
21117,-0.18928027805922548
21119,-0.17071837230532452
21121,-0.07360938997610682
21123,-0.4400234492119634
21125,-0.26656055567821496
21127,1.1269504347031378
21129,-0.11783465012964543
21131,-0.09504075881079624
21133,-0.14651901025151046
21135,1.638274183415078
21137,-0.23378756035574566
21139,-0.3863568656578268
21141,0.7437860004069137
21143,-0.37876130296358085
21145,1.4802008867414633
21147,-0.0695861615766903
21149,-0.6553668642932023
21151,0.3882839278642264
21153,-0.10466075845785254
21155,-0.4917923732823945
21157,-0.32763296654406315
21159,-0.08502989636835105
21161,-0.4912828062940441
21163,-0.722015410892128
21165,-0.15394209895086594
21167,-0.5457218372809594
21169,-0.168049324367846
21171,-0.14060794410105423
21173,-0.5320868576091831
21175,-0.23017337848403802
21177,1.7693271145652496
21179,0.19428826204220853
21181,-0.2932213244149509
21183,-0.45545303077039623
21185,-0.38461244487342927
21187,-0.26962348535444286
21189,-0.13661269709248763
21191,-0.4699565765363142
21193,-0.17387523160816462
21195,-0.15707937668987768
21197,-0.23598861669267146
21199,-0.2967053898132606
21201,-0.1529077592901854
21203,-0.13010462522040306
21205,1.4539574078075168
21207,-0.1405365341314956
21209,-0.03378137630749678
21211,-0.04594104630687032
21213,-0.564077555129335
21215,-0.670133154211656
21217,-0.274916661141105
21219,-0.22932216784407958
21221,-0.5009524436883911
21223,-0.41700464156096545
21225,-0.2643933984994155
21227,2.0473690349449845
21229,0.9966352295763202
21231,1.5029562467483495
21233,-0.3199520585094274
21235,-0.15537645989265683
21237,-0.11260087381282995
21239,-1.2001036490639323
22001,-0.7197612486514802
22003,1.449712112655115
22005,-0.8506283504687469
22007,-1.4003284356508237
22009,-0.7919015577449697
22011,-0.8290381910255286
22013,-0.5175507702601618
22015,0.06497461641480946
22017,-0.5312756252740062
22019,1.8017321657820817
22021,-0.2101091517263978
22023,0.023728504013372412
22025,-0.2741746602587842
22027,0.9845961903330145
22029,-0.44557269966179236
22031,-0.8247848834367307
22033,1.4995960186576127
22035,-0.7083106349212337
22037,-1.6335623486349988
22039,0.23561720469348943
22041,-0.44439717135741696
22043,-0.5350099276923338
22045,-0.08103100474516758
22047,-1.8672042240704187
22049,-0.5101065066556891
22051,0.3307523380057252
22053,-0.8922837848643609
22055,-0.033486961778545744
22057,0.08749287781572497
22059,1.2529859338397908
22061,-0.6205373744719677
22063,-0.9767251337166148
22065,0.2197147791187458
22067,-0.7450819474084143
22069,-0.8419827662146773
22071,1.0644068316271134
22073,2.351773214226933
22075,-0.5491818836733372
22077,-1.4207933783782147
22079,-0.3990134157297411
22081,0.8633632499836397
22083,0.4513839551688679
22085,-0.2751149560869235
22087,0.12965512109024943
22089,-0.8732297873221675
22091,-1.4395703450098944
22093,-1.9839540068335615
22095,-2.7087508849603883
22097,-1.203539843422669
22099,-1.1774895118986586
22101,-0.13166348745754208
22103,1.269241188379821e-4
22105,-1.235095400893223
22107,-0.5690058727430687
22109,0.3714798144279451
22111,-0.4463871204467627
22113,0.18919098718664307
22115,-0.9040037075858273
22117,-0.9014729348613102
22119,-0.5813147203790082
22121,-1.7099266108676237
22123,-0.27681490691064015
22125,-0.08490515305562867
22127,2.945704495001064
23001,0.25041529804393836
23003,3.288597982052728
23005,1.4671401029075675
23007,1.4011629171973718
23009,1.6315790775207455
23011,2.0133910409426923
23013,0.972566951958091
23015,1.418297340814331
23017,0.05314848895940287
23019,1.9892265716835407
23021,2.9365594212875785
23023,-0.9382975901797268
23025,1.6194660736556767
23027,1.534628804111933
23029,1.2559286668137302
23031,1.1888848366427784
24001,1.7666447673475585
24003,-1.156558572692069
24005,-1.5111626293954101
24009,-1.3878568898584887
24011,-1.1492452042485435
24013,-0.44168967274702575
24015,-0.6244803197062476
24017,-1.6690834117633988
24019,-1.3448951586011548
24021,-0.7134057704773634
24023,-0.42638315506628405
24025,-1.249753781238394
24027,-2.6752915816433265
24029,-1.7740714624224287
24031,0.43636516617688526
24033,-1.5035768053399927
24035,-0.7968929387635005
24037,-1.0882643188440688
24039,-1.295005136680034
24041,-1.8365623717129747
24043,0.3392579669781912
24045,-1.7552963984798844
24047,-0.6743841999904426
24510,0.8320272922208959
25001,-1.045688663371712
25003,-0.4539652350915785
25005,0.9005408490265083
25007,-1.1599257171049526
25009,0.7952109177676685
25011,-0.9611047849824302
25013,1.4165996167794674
25015,-0.3423045145739422
25017,0.9603288807113143
25019,-2.1099534044874386
25021,-0.2152713446029895
25023,1.2794832135065257
25025,0.21360030441644112
25027,1.770090239274724
26001,-0.4975349056678973
26003,-0.820945846843151
26005,-0.6821196522229374
26007,0.6637172125748926
26009,0.30482786764792574
26011,-0.506480978635661
26013,-0.6916430831896747
26015,-1.05350031043662
26017,0.3804405799693735
26019,-0.015244088742038775
26021,2.4368914552141727
26023,-0.7016737669458812
26025,1.5838261263879794
26027,-0.6243247369078367
26029,-0.8807451168326591
26031,2.5742982406911143
26033,1.8670114945379142
26035,-0.24569361620495794
26037,-1.3803117792134736
26039,-0.5460991902181641
26041,0.9073786180513089
26043,-0.38499895803089945
26045,-0.7571998932215424
26047,0.6290160040861861
26049,0.8705603846635686
26051,-0.5093535210345448
26053,0.38257989571727435
26055,-0.16845339522869834
26057,-0.7952836026482848
26059,0.6853795575932989
26061,-0.9270994837944214
26063,-0.5375975481083551
26065,1.0288638523961788
26067,-1.008757197825588
26069,-0.5649338185090147
26071,-0.33727943913762065
26073,0.5353013544292893
26075,-0.16415043978695196
26077,1.6610123992030683
26079,-0.7800700643080709
26081,2.1290644546521644
26083,-0.9412046470924685
26085,2.6472392671798284
26087,0.06935402546543842
26089,-0.9833858179153425
26091,-0.9658490149451332
26093,0.15232574156420614
26095,-0.4358274023353185
26097,1.1539988442297127
26099,0.7690002257644006
26101,-0.7267646057016902
26103,0.8869950139761591
26105,2.680502091037493
26107,-0.46341226676768654
26109,-0.3838048010833864
26111,-0.3734231581009314
26113,-0.24618104568424629
26115,0.5009356612431306
26117,0.5722336052533845
26119,-0.4261311893398089
26121,1.0268545274372674
26123,-0.4206953827430756
26125,-0.22714866299993047
26127,-0.39634418667103616
26129,-0.4278550157061719
26131,-0.6285165894243672
26133,1.3199013527504326
26135,-0.4270824658190746
26137,-0.6347273250164241
26139,1.63995353986974
26141,0.5227428970133247
26143,0.689741448638579
26145,0.7606360229655523
26147,1.8888147733245464
26149,-0.5450809052312037
26151,0.8322423945666014
26153,-0.6122609942847989
26155,-0.9687499389935396
26157,-0.6899807433243745
26159,-0.6988600311273444
26161,2.0549323291031976
26163,2.048448328663613
26165,0.6989816500327569
27001,0.4009041859222001
27003,1.36853160786124
27005,0.42293668504699483
27007,-0.11378665873028423
27009,-0.768369862610935
27011,-0.46321880329900456
27013,1.060096022463885
27015,0.4781686541846901
27017,-0.7788682258966311
27019,0.0883889296847439
27021,-0.7149306696213523
27023,-0.4208046274241287
27025,-0.9073001041838026
27027,-1.1159706392207247
27029,-0.5758960341316628
27031,-1.8915224052679906
27033,0.9768623937001338
27035,1.6729940940195895
27037,-0.34025176870023993
27039,-0.9053270497393703
27041,-0.6510287231746728
27043,-0.4159088108888483
27045,-0.892562794637992
27047,0.579023240900018
27049,0.837182514356339
27051,-0.4716732960416095
27053,1.4586841963762949
27055,0.5399608639854403
27057,0.31049774593598256
27059,-0.7099907951709156
27061,-1.0706995905253243
27063,1.6662188725038358
27065,-0.3995387424353658
27067,1.5933495068436752
27069,-0.85661172060299
27071,-0.9064858441988316
27073,-0.5074827451478139
27075,-1.242972154799031
27077,0.5729150147576652
27079,0.20844016758122708
27081,0.8319361420558063
27083,0.8483421762119843
27085,-0.6602443873438211
27087,-0.08334158548342324
27089,0.6124032172662136
27091,1.2915227590220477
27093,0.622941082689705
27095,0.4393077056661396
27097,1.6605909983406695
27099,0.06693183372411772
27101,-0.41945781807227583
27103,-0.36946871552246047
27105,1.413712373925371
27107,-0.5848930440544744
27109,-0.6644869795862226
27111,1.1467689751030639
27113,-0.03766218551999657
27115,-0.4531038287559249
27117,1.087924110760421
27119,-1.0899382147565675
27121,-0.48329682870485124
27123,1.533939262893444
27125,-0.7213910307906242
27127,1.019946971529581
27129,-0.38628840059205416
27131,-1.125071294458134
27133,-0.7015800033869601
27135,1.3748719572074546
27137,0.3941899172700941
27139,0.606410222915064
27141,0.7890927858125165
27143,-0.40896862040809673
27145,0.9283303039252254
27147,0.21365689017977352
27149,-0.5729414426842937
27151,-0.45997828121771633
27153,1.0765759349936814
27155,-0.5109178765828071
27157,-0.8697992725236633
27159,-0.3108832398183641
27161,4.017460136858426
27163,0.21771789510351178
27165,0.720441206118631
27167,-0.35258091054260576
27169,-0.9200439306572064
27171,1.1625790294486509
27173,-0.45751021401540104
28001,1.374238526644954
28003,-0.2941447969512355
28005,1.0125006361229925
28007,-0.7527002753445089
28009,-0.8658685472250441
28011,0.26041558715983265
28013,-0.3822771696148127
28015,-0.34651261523499244
28017,-0.5915773253164818
28019,-0.4272646270730455
28021,-1.636876462680054
28023,-0.4862840090957565
28025,-0.830601928492102
28027,-1.1863601677872528
28029,-1.0612817509056551
28031,-0.8144119778866225
28033,0.21344635740043402
28035,0.05635573071135911
28037,-0.40895029770803387
28039,-0.3532156914119109
28041,-0.4114896391983981
28043,-0.6257955034396303
28045,-1.0105365722392374
28047,-0.041892466069024775
28049,-1.24514683667486
28051,-1.618021138557653
28053,-0.3122035757330276
28055,-0.877454648077166
28057,-0.2755920869219903
28059,-0.5983900560364858
28061,-0.7864865803961814
28063,-1.5915532372932857
28065,-1.2221953259613985
28067,-0.8132087498241607
28069,-0.9525747426370574
28071,0.16852703096709723
28073,-1.097455011300487
28075,-0.7147095392556542
28077,-0.40348230155917775
28079,-0.6449150840912473
28081,-0.7645966014246293
28083,-1.2857420744497434
28085,-0.5294691424886615
28087,-1.0867637374087762
28089,-0.41231717941023754
28091,-0.8563821479181734
28093,-1.0435173697487898
28095,0.7137982992937751
28097,-0.4867197229332048
28099,-0.33213752040130246
28101,-0.3784568231770936
28103,-1.4549526252641571
28105,0.12650014589312492
28107,-0.7821701773204311
28109,-0.6805410683393551
28111,-0.8106399295881093
28113,-1.2096785407656716
28115,-0.33048580905083513
28117,-0.3971306157567878
28119,-0.8672290117026371
28121,0.10657082938917775
28123,-1.0009108674687404
28125,-0.9856501391268622
28127,-0.7579117998386303
28129,-0.28222826713062443
28131,-0.875114917278528
28133,-1.0488675574540558
28135,1.0248932991163209
28137,-0.7609977761662244
28139,-0.25916348863340627
28141,-0.19884195621764142
28143,-1.37477660922316
28145,-0.3028489675645479
28147,-0.8565545191977082
28149,-1.047025175969403
28151,-1.3232884639805322
28153,-0.6869480124444499
28155,-0.3118423582980018
28157,-0.9622456513489085
28159,-0.4303459543791045
28161,-0.5525864225528141
28163,-0.964419576981942
29001,1.1848585593582808
29003,-0.6258172600053321
29005,-0.25646687432184523
29007,-0.373886442883266
29009,-0.33494937195398494
29011,-0.12628705660461273
29013,-0.3328392791281114
29015,-0.21036944035869007
29017,-0.34472334373483043
29019,0.28060485288483245
29021,-0.7008738710671157
29023,-0.2604110690861363
29025,-0.4146991531884065
29027,-0.6362733406595503
29029,-0.275312990117802
29031,1.995455120728496
29033,-0.2310654427918413
29035,-0.17462853798774539
29037,-0.897640758307113
29039,-0.17040331851086887
29041,-0.2626118543584413
29043,0.5857870295562468
29045,-0.2596736642044548
29047,-0.34366693936418935
29049,0.6178982389549023
29051,1.0051510131615242
29053,-0.6101895792113734
29055,-0.22975792012929053
29057,-0.19129460848285315
29059,-0.2995896725120828
29061,-0.21319861192490497
29063,-0.47818233009706174
29065,-0.19305192406242494
29067,-0.16391189677818768
29069,1.5467559035934815
29071,0.48179877622285305
29073,-0.270469351598904
29075,-0.19256855073550005
29077,0.7836008165215851
29079,-0.1882094254778374
29081,-0.1645753276399995
29083,-0.3843731673685689
29085,-0.1706872881561642
29087,-0.2205087651380307
29089,-0.5894388401704709
29091,-0.145465973766704
29093,-0.1622993336373968
29095,-1.135275921381446
29097,0.7536549817374284
29099,-0.7616751554897359
29101,-0.609479343147171
29103,-0.1879035042951271
29105,-0.2588581606133015
29107,-0.5919802965582878
29109,-0.30650828958613724
29111,-0.22179651809933273
29113,0.7426194033463026
29115,-0.21787818647579046
29117,-0.2548740251869655
29119,-0.1775906717796431
29121,-0.2629293630962323
29123,1.350808542630852
29125,-0.19686772224794627
29127,-0.27093031987823046
29129,-0.15741193547155904
29131,1.1133373957279766
29133,1.5319876336474882
29135,-0.46867613224775523
29137,-0.2116824601384567
29139,-0.2215802914487444
29141,-0.1978104701451757
29143,-0.2171322185829437
29145,-0.4687206556367726
29147,0.9526632015500508
29149,-0.13112059302868845
29151,-0.36098703098474855
29153,-0.1312085837372244
29155,1.5809652074273897
29157,-0.37053554142857864
29159,-0.46749885016940695
29161,-0.4496187163020007
29163,-0.2111357823418529
29165,0.08699476204469858
29167,-0.35668318861339654
29169,-0.6412540074321897
29171,-0.15599786311105515
29173,-0.235755105583663
29175,-0.36846757829395
29177,-0.572388208683503
29179,-0.15790245371240844
29181,-0.12813445143036356
29183,-0.3123006204416337
29185,-0.20361030490072002
29186,-0.3913890002752257
29187,-0.36350349807956783
29189,-0.006962177402584034
29195,-0.36873777371771094
29197,-0.25743190899571716
29199,-0.2918008766807272
29201,-0.3413878972712141
29203,-0.17754804075916963
29205,-0.20244959802331117
29207,-0.2154415943949398
29209,-0.35031055738964906
29211,-0.25914570876283244
29213,-0.3893703232264826
29215,-0.14289282505286924
29217,-0.27895482971011615
29219,-0.6032269871149958
29221,-0.16048673920692672
29223,1.785427486489709
29225,-0.37582235766698496
29227,-0.17154040964161849
29229,-0.13721098659077993
29510,-0.7148172875280917
30001,2.569016688012481
30003,-0.47144220450889335
30005,1.1284302386570149
30007,-0.2295290908140706
30009,-0.47136690078411014
30011,-0.059142426803695226
30013,1.337006048280223
30015,-0.48870534548918404
30017,-0.15738195867819096
30019,-0.18127352987906958
30021,-0.25820291264236417
30023,-0.3634454718783615
30025,-0.0830271446869717
30027,1.381443861132746
30029,3.3661583393346506
30031,1.331545203719482
30033,1.7839275148681444
30035,-0.89100803252215
30037,-0.07216760301219582
30039,-0.19003771924976579
30041,2.1717188493289243
30043,-0.4842641957077465
30045,-0.10165648519030836
30047,0.39136129226293287
30049,0.43022019658380184
30051,-0.13141541157207118
30053,-0.20904495497201744
30055,1.389482085819419
30057,1.3978684679444833
30059,-0.14539262717494741
30061,-0.25873474457123596
30063,1.8910814138741263
30065,3.796548953549461
30067,-0.5567783362526917
30069,-0.1792960243806367
30071,-0.25111482776722543
30073,-0.22572764800283712
30075,-0.096099889753466
30077,-0.3851241092453546
30079,-0.07032588266353211
30081,1.0182586110195189
30083,-0.24530271859587957
30085,0.758241244546698
30087,1.4652450777978205
30089,1.394199059795764
30091,-0.4221589782932497
30093,0.5221957130925128
30095,-0.26166796066796616
30097,1.4847285865681663
30099,1.0676477867823158
30101,2.1822132881291965
30103,-0.1073952640291518
30105,-0.26910401256050775
30107,-0.06172881423871426
30109,-0.06462022058586633
30111,0.7381766422132242
31001,-0.7595168765146508
31003,-0.3366886712635779
31005,-0.2520947102516569
31007,-0.2707797415637975
31009,-0.31261007007026526
31011,-0.3927008905640235
31013,0.8278792712985363
31015,-0.3184110254137095
31017,-0.30472693237859927
31019,-0.7645891938407325
31021,-0.5072362223596988
31023,-0.4722406064465894
31025,-0.26960784485983774
31027,-0.4068530247122719
31029,-0.3381848369208829
31031,-0.35896543035899636
31033,-0.37387486040674117
31035,1.6683378706655927
31037,-0.7966252441400359
31039,-0.4643890960756875
31041,1.0169368463838342
31043,0.28043416690831685
31045,-0.5041980056311781
31047,0.5765330124754846
31049,-0.371590413889251
31051,-0.5125078937779222
31053,-1.0153622104860405
31055,1.1994172759104116
31057,-0.25738705069938694
31059,-0.497147161332741
31061,-0.2995920376421863
31063,1.1739430961103885
31065,-0.3383349289254225
31067,-0.75357086214401
31069,-0.29158713777585543
31071,-0.2740198605970558
31073,-0.44807808848267766
31075,-0.22630438114356016
31077,-0.37868023676192353
31079,1.3880317426892999
31081,-0.47855533855785315
31083,-0.4013048517519098
31085,-0.19559012503863613
31087,-0.2739849318215484
31089,-0.3112080477134159
31091,-0.352819089120307
31093,-0.7811907198209642
31095,-0.5507944452592676
31097,0.3491212293731579
31099,-0.4905759054698284
31101,0.8786577444790299
31103,-0.24877429144423324
31105,-0.3710951607334857
31107,-0.3912478272880647
31109,0.02600741890375483
31111,0.5785542845303779
31113,-0.297198142584925
31115,-0.40732357624524024
31117,-0.2630374882313806
31119,0.5330929304737037
31121,-0.9772184025128835
31123,-0.3359093706481657
31125,-0.32661769019067327
31127,-0.49708843231510974
31129,-0.463525061281218
31131,-0.8806540315831802
31133,-0.36865831203508104
31135,-0.35714307941795986
31137,-0.32296080255512566
31139,-0.32459720992693203
31141,0.3257709079090835
31143,-0.4874119229307511
31145,1.0984822400907872
31147,-0.5128032635590939
31149,-0.2745737511196432
31151,-0.9953674130065828
31153,-0.41896277897704215
31155,-0.9959617530725178
31157,-0.680703839473705
31159,-0.004826278327951587
31161,-0.3953012220582305
31163,-0.4263133442666707
31165,-0.2844684168968331
31167,-0.4176025482375413
31169,-0.433884374737752
31171,-0.3806222751264504
31173,-1.1517952315411353
31175,-0.39731277525316055
31177,-1.01848366883928
31179,-0.5235922093337184
31181,-0.3889522295549966
31183,-0.3645907704505251
31185,-0.7335435753950343
32001,-0.907357815720614
32003,1.4162506857895214
32005,-0.1740578116774805
32007,-0.7033195683350171
32009,-0.3764555483475643
32011,-0.18883626559829914
32013,0.8047239336545555
32015,2.3403772927861985
32017,-0.42261122528393746
32019,-0.9922520737306121
32021,-0.6589162722096678
32023,0.26352212445587975
32027,0.598344211512441
32029,-1.1159119517959488
32031,1.5086837524423014
32033,0.6672302405520939
32510,-0.11926777268676428
33001,1.3135205222684136
33003,-1.3435916209229177
33005,-0.6582002519383328
33007,0.9772530609803134
33009,0.19193758831472835
33011,-0.9814368124564695
33013,-0.6208718430635151
33015,0.9958145592876269
33017,-0.0391140184114243
33019,0.6969545309390597
34001,-0.18707586426061543
34003,-0.9052967291582769
34005,-0.8062750259261272
34007,-0.702544397772234
34009,0.32184856235789217
34011,-1.2685319539522544
34013,0.6471108670424357
34015,0.18131878691038625
34017,-0.456010107794785
34019,-1.4723568307905408
34021,-0.08081071140026615
34023,0.38707895076104926
34025,-0.4637713966474174
34027,-2.3597894321253743
34029,0.24252945562297612
34031,0.09445475565926498
34033,-1.001397885717207
34035,-1.2541243867207748
34037,-1.0825507015844456
34039,-2.0348385916268237
34041,-1.0820932145465458
35001,2.076997844331493
35003,0.3851267616140638
35005,-0.9477264039425296
35006,-0.00576608590193352
35007,-0.03174338993476478
35009,0.2619012571813972
35011,-0.5852159464951897
35013,2.154192376360275
35015,-1.027997092521953
35017,1.0231722493850017
35019,-1.1037128212929466
35021,-0.6015539039868748
35023,1.710468407507977
35025,1.4955488452194905
35027,1.232647060761701
35028,-0.779894010945336
35029,1.866219024674814
35031,-0.24674990701746113
35033,-1.6680157305515426
35035,3.0929740741449927
35037,0.7812363479186292
35039,-0.26827688343916434
35041,-0.5263022142905474
35043,0.0656015583915571
35045,2.2730097625562333
35047,-1.260261310358416
35049,-0.3600025071987078
35051,2.8411700271778653
35053,0.2941745204419936
35055,0.2416425005107168
35057,1.3321633760319773
35059,0.7285383711958501
35061,-1.4508633961472326
36001,1.6270504033094781
36003,1.3585791008760582
36005,0.1184357300341611
36007,0.7912394051142081
36009,0.8236407406980204
36011,1.8168506283423236
36013,1.063881152327495
36015,0.6681835974338823
36017,0.475621178739319
36019,1.8835533436465834
36021,0.31167121341860266
36023,0.5004782280413896
36025,3.9925758912288023
36027,0.7208747921684548
36029,2.4560931396866086
36031,1.0959760842095534
36033,1.2480318126809589
36035,0.7207078588354613
36037,2.5584008728142305
36039,1.1391507657438011
36041,0.825338292799167
36043,-1.0655600090210031
36045,2.9290025788397256
36047,-1.551759591628302
36049,-0.6301158586061929
36051,-0.5168495391892982
36053,0.6763854851874178
36055,1.2817780945523167
36057,0.12376769770520979
36059,0.6793474893797059
36061,5.921599556313724e-4
36063,2.4297593530788233
36065,2.138946217575247
36067,2.015256481397841
36069,-0.12926931948410295
36071,2.48254570113527
36073,0.575332123053723
36075,2.0866312711609964
36077,2.59816031860427
36079,-1.1276105567269932
36081,0.6434200762082029
36083,0.9742353396232363
36085,1.7128812175601826
36087,1.5310830788628695
36089,2.5116638515805234
36091,1.138968860769824
36093,-0.7875880747793803
36095,0.8397954863506756
36097,0.9095893178842137
36099,0.5918117512494534
36101,2.3034719362761003
36103,1.682638852944132
36105,-0.05441642072180713
36107,0.6332166147983436
36109,-0.43720058512562987
36111,-0.3835300472477626
36113,0.8800446100517265
36115,-1.3588534302960524
36117,0.5300345829902384
36119,0.7057229486793396
36121,-0.6399668252620057
36123,-0.25606316389444445
37001,1.712030191666792
37003,-0.4953347485450468
37005,1.2977061673426682
37007,-0.8853062602622864
37009,-0.3386563785669131
37011,2.51573247009117
37013,0.8908775893845651
37015,-1.1583000693239722
37017,1.110907395179892
37019,0.0985106784239642
37021,0.8177894331406779
37023,0.5680527887618827
37025,-0.42810259888255525
37027,-0.5530559339857855
37029,-1.0902720501033274
37031,-0.9551868347848699
37033,-0.4620423047786576
37035,-0.7249696066659463
37037,-0.6714123383169032
37039,-0.2698317441167785
37041,0.4139265847151617
37043,-0.3189959800860984
37045,1.4700541679486432
37047,1.477568717893075
37049,-1.1641471831198875
37051,0.07351270849153817
37053,-1.0582639190845546
37055,-1.4611986674879824
37057,-0.5823539406844676
37059,-0.7021531927242415
37061,-0.7324750650172381
37063,0.22930477578297703
37065,-0.27389581736977525
37067,1.155200528654281
37069,-1.0960679210586177
37071,0.7037344922489089
37073,-1.2215921592303798
37075,1.1669808487895597
37077,-0.9382022529597939
37079,0.437229769984165
37081,0.18241805298025163
37083,-0.4593861901163839
37085,-1.222559987806419
37087,-0.7497940145161601
37089,0.5246680977104525
37091,-1.2667729600867408
37093,-1.8680191273557936
37095,0.5632952575219851
37097,0.12776673947047815
37099,-0.5897181172066646
37101,-1.3846364936920303
37103,-0.5990730795974221
37105,0.009404292953430678
37107,-0.10988283300449192
37109,-0.7363330271890534
37111,0.7968720336465246
37113,-0.4141521477327492
37115,2.7884890250454855
37117,-0.1594252736683286
37119,2.1426510390135234
37121,1.2160489821638698
37123,0.9631191150879139
37125,-1.2973421411217196
37127,-0.7141458011512697
37129,-0.02357835858779146
37131,-1.1170866233155838
37133,-0.3895276138115969
37135,1.9924762691982179
37137,0.37021674811241817
37139,-0.6744703200156835
37141,1.2296571287721587
37143,-0.6676640368437317
37145,-0.7215659557307632
37147,0.3209850849548695
37149,-0.5112591473512371
37151,-0.48305690563397835
37153,-0.8032509576174812
37155,0.159171630229491
37157,2.956113173238858
37159,-0.6875777391777211
37161,-0.4228708041887923
37163,0.19797751361315946
37165,-1.0209736046185265
37167,-0.4381376660030415
37169,-0.488887861740223
37171,-0.41351982670801657
37173,0.673562017741414
37175,-0.8450901181560364
37177,-0.6205428106400499
37179,-0.11016923649540326
37181,-1.0552639129714474
37183,2.2109436574651937
37185,-0.7920366749026185
37187,-0.8430236962135826
37189,0.2407410117502763
37191,-0.47278057823507724
37193,1.072324886620326
37195,-0.2646395835491598
37197,-0.4379598222436481
37199,0.9532134194142731
38001,-0.20128862614695445
38003,-0.5760570975661197
38005,-0.8324981059140537
38007,-0.16411396830801192
38009,-0.5362162885534655
38011,-0.18692314992394524
38013,-0.39622481283455985
38015,1.6991628389180007
38017,0.9927191029471161
38019,-0.690936894611435
38021,-0.2799094832186057
38023,-0.5569334143129514
38025,-0.4209938100881661
38027,-0.494452609246282
38029,-0.18074585826429146
38031,-0.4266983893521708
38033,-0.1211174772930526
38035,1.5820387139484093
38037,-0.1508701729207825
38039,-0.5117283298239912
38041,-0.21339868396905814
38043,-0.22186056219412933
38045,-0.2523262253191494
38047,-0.16011082167865334
38049,-0.6405298957186168
38051,-0.16883367209474914
38053,0.9342672185160282
38055,0.7879125690889054
38057,-0.35309873202714387
38059,0.40061404833977177
38061,0.43913146872579184
38063,-0.7115040519926521
38065,-0.43973160344470896
38067,-0.586148230833904
38069,-0.43815688662262736
38071,-0.5431420023648866
38073,-0.5013349044345563
38075,-0.8112607584927852
38077,-0.5773855922143785
38079,-1.5912561621557813
38081,-0.49183241431174096
38083,-0.36610548348959243
38085,-0.8963970774489362
38087,-0.19465011226614096
38089,-0.36057707937531214
38091,-0.7034249576181005
38093,-0.33995990368122153
38095,-0.5290029738032759
38097,-0.8097424473693724
38099,-0.5613202951349618
38101,-1.056683447267786
38103,-0.37633515291200975
38105,-0.5956765577743599
39001,-0.12565478031143404
39003,-0.76425300557174
39005,0.6313133809747666
39007,0.15768060915845922
39009,-0.7954769354165379
39011,-0.5393196624508255
39013,-0.4396013464044486
39015,-0.2925313791277758
39017,3.045130762292781
39019,-0.6345334599563363
39021,0.8628447654169953
39023,3.8110511734692407
39025,-0.6932943724029998
39027,-0.3135251100536339
39029,1.8708614019039054
39031,1.9837800377706647
39033,0.6670781728026421
39035,1.4795123141841242
39037,-0.2816346114479966
39039,-0.7589294251838244
39041,-0.21590470164510492
39043,0.32691547283526773
39045,-0.8532088515394427
39047,-0.2980891306573469
39049,2.0562896296316815
39051,0.11226983207438235
39053,-0.27861388548092686
39055,-0.35251265857867975
39057,0.7254962134258781
39059,-0.3085294072062216
39061,2.4516161814443214
39063,0.23764006006047714
39065,-0.43878045474837535
39067,-0.19779165102131124
39069,-0.727508610145012
39071,2.188865202946921
39073,-0.42077617055666827
39075,-0.3275322286290175
39077,-0.7135311599974564
39079,-0.17212956539090032
39081,3.132492877564143
39083,0.4454784945282019
39085,0.515660101932061
39087,-0.37107816581851033
39089,-0.08464041143381733
39091,0.6130816197147683
39093,-0.6936153134918742
39095,-0.17713496506964513
39097,-0.5747091990389427
39099,1.1478284770292762
39101,2.53590197842544
39103,-1.2264680617678991
39105,-0.13488085519000695
39107,-0.22557167955341906
39109,-0.5766273951126202
39111,1.4812739850880015
39113,2.96295558614667
39115,-0.21797583743298782
39117,-0.7138220740865968
39119,2.4316949043164513
39121,-0.1794683296783891
39123,-1.1693335371821074
39125,-0.4173981595566521
39127,-0.3756035164803596
39129,0.7887021311400464
39131,-0.170160423784807
39133,0.7639246056873095
39135,-0.3312465800005396
39137,-0.5148799870824762
39139,-0.755903922546197
39141,1.75119470348304
39143,-0.7972413950070655
39145,-0.2542048707672918
39147,-0.724949535689569
39149,-0.3106155045337758
39151,0.9417604514392959
39153,0.23625861660951772
39155,0.5141586655790829
39157,-0.6994899500787324
39159,-1.190048694360598
39161,0.6317739044643996
39163,-0.1760054753586718
39165,1.3589112111729367
39167,-0.411924722992568
39169,-0.8173467961672521
39171,0.8197941643592864
39173,0.6736083916503183
39175,-0.48816991005225047
40001,-0.485592636465429
40003,-0.34830725129034884
40005,-0.3695825729040735
40007,-0.33128399401066505
40009,1.2359670364624644
40011,-0.44394822832909675
40013,0.4390952528119004
40015,-0.8034679009853432
40017,-1.2227021261334097
40019,-0.7489392150775922
40021,-0.15434950954358118
40023,-0.36419548444579675
40025,-0.3188592541635694
40027,-0.22824384519188198
40029,-0.3337961624154829
40031,-0.6964206491315034
40033,-0.5568276427467312
40035,-0.6584440800718374
40037,-0.8609465651802312
40039,-0.70163455079695225
40041,-0.6720155846298917
40043,-0.31389634021905555
40045,-0.33737676036605024
40047,0.03197162625216042
40049,-0.6121737998594539
40051,-0.7984335342079822
40053,-0.41337771871859985
40055,-0.4326144297991624
40057,-0.4330445620284404
40059,-0.30328102123273304
40061,1.016491717252184
40063,-0.3942942812233012
40065,0.7313552003821765
40067,-0.2611833168815242
40069,-0.3541162040315415
40071,0.2394992344492269
40073,-0.41858130747098277
40075,-0.336901203544582
40077,-0.43261230731607336
40079,-0.554320066559589
40081,-0.6869974197174331
40083,-0.9401080244510261
40085,-0.445160573840258
40087,-0.9564514188261128
40089,1.0628128871449491
40091,-0.4974833355822868
40093,-0.35914530636819375
40095,-0.44876511537965785
40097,-0.7151210332959556
40099,0.5643633749699772
40101,0.7802151234200847
40103,-0.5903251532988549
40105,-0.4530998720768602
40107,-0.37975012644785217
40109,2.532164539986613
40111,-0.9630852636402761
40113,-0.19043955818436656
40115,0.44579421620747256
40117,-0.7630224228694023
40119,-0.8839206423215724
40121,-0.4711134263280983
40123,-0.7263972770888459
40125,0.18896629090584305
40127,-0.29464150860256433
40129,-0.3144553784243116
40131,0.5463168160870432
40133,-0.4846708130230259
40135,-0.7622604208279765
40137,-0.5691499563569252
40139,-0.4521624900094271
40141,-0.4541306271218432
40143,1.0495530282640324
40145,-0.1601107151866642
40147,-0.8559301739474467
40149,-0.36215471738712535
40151,-0.3555454312104549
40153,-0.4124458163338416
41001,1.4107692048285132
41003,-0.08467500051584138
41005,0.5457444738002035
41007,-0.46725477043414465
41009,-0.34455221843324363
41011,-0.8022811674207969
41013,-0.4477333786061543
41015,-0.7069096693149121
41017,0.33283481973552137
41019,0.5535445363121937
41021,-0.2779724276859876
41023,-0.14353722035529054
41025,1.4999974646634782
41027,-0.14673050986307326
41029,1.2235289023780924
41031,0.4709932624943234
41033,0.22850002406265707
41035,1.1264826192145752
41037,-0.10801231501872445
41039,0.5083217002525099
41041,-1.3649376935682174
41043,2.0348206088957457
41045,-0.30185252183376593
41047,3.228173567146639
41049,-0.2055072458544821
41051,1.1611367483388013
41053,0.21647608185883938
41055,-0.1374583920391454
41057,-0.9042565856408316
41059,2.183351528195238
41061,2.879839343040079
41063,-0.35409011864807793
41065,1.9271071540652502
41067,0.2623373897899141
41069,-0.2372539874175953
41071,-0.47634726274800276
42001,2.006562011284
42003,1.975525685617776
42005,0.1638657717519159
42007,0.04220086578147431
42009,-0.2502471405906567
42011,-0.4107655552804468
42013,0.4938464783719197
42015,0.7361269455511786
42017,0.4455767479590283
42019,-0.40086490588962825
42021,3.6324863291385188
42023,-0.506517300247034
42025,-1.1632050106921406
42027,1.9397131685115807
42029,-0.7019869076645799
42031,-0.6798670415969217
42033,0.8371196228896131
42035,0.6749832164323275
42037,1.2724215738382954
42039,-0.8896984803463551
42041,-0.4778978679914778
42043,-0.8969827821839012
42045,0.10220221969139992
42047,1.7454872051712436
42049,0.9768755474225311
42051,1.2816583331862275
42053,-0.6001724457052058
42055,0.7852386458217439
42057,-0.22819995196624496
42059,-0.5490069573513972
42061,0.7380716538804256
42063,0.5720431138775361
42065,2.261719271101667
42067,1.0568334841250364
42069,-0.5111418181135728
42071,1.9578264900522533
42073,-1.1557467536232775
42075,1.144952732850608
42077,-0.9852613376798547
42079,0.9024016531333666
42081,2.0715916912445214
42083,0.6506906311496691
42085,-1.0153911826133315
42087,3.192496282903213
42089,-1.101919371326978
42091,1.1464596126332895
42093,-0.9525169434573943
42095,-1.434428971034844
42097,-0.6469581391481789
42099,-0.7164973296020235
42101,0.4115302611656559
42103,0.061135235365423625
42105,-0.4658771571577568
42107,-0.9760103850433332
42109,-0.4573758175697829
42111,2.199179541392199
42113,-0.4019255554223129
42115,0.9208792813088296
42117,-0.5559814043722316
42119,0.1031377202936524
42121,0.18228401117154652
42123,0.10079719895443
42125,-0.9424655045700779
42127,-0.04712800632668763
42129,1.2670513607410816
42131,-0.7589903308596235
42133,-0.2379165708440022
44001,-2.056448066958015
44003,-0.9381053980275796
44005,-1.549651121576623
44007,-0.21775312277440165
44009,-1.560028980623289
45001,-0.6698321610976345
45003,1.473211306463796
45005,-1.8028938314965253
45007,-0.7848990376504557
45009,-0.5129970622839292
45011,-0.7562197221181981
45013,-0.6246480020315925
45015,-0.6019849516799958
45017,-1.5534892643463738
45019,2.041826459165848
45021,0.7279969300118089
45023,-0.9852032566217289
45025,-1.0652744278901412
45027,-0.12920981612853896
45029,-0.3742205390709265
45031,1.2160729142350923
45033,-1.045323924114821
45035,-1.7929233115423
45037,0.06894810465551567
45039,-1.513616814975271
45041,-0.22921387497092854
45043,-1.3570450648676522
45045,2.1479756729180783
45047,-0.7875054379898692
45049,-1.2602119554694737
45051,0.9708114005856981
45053,-1.6299238147323376
45055,-0.6516031560120626
45057,-1.1634389257266484
45059,-0.7748775591004117
45061,-1.3462832756948777
45063,-1.4672624694867225
45065,-0.6934878647262588
45067,-0.5289968869303661
45069,-0.5554142491315808
45071,-0.8411770998894363
45073,0.6237438913324236
45075,-0.47713986785057994
45077,0.5043359055398798
45079,-0.7027906424543605
45081,-0.8103714413003839
45083,1.512766405261445
45085,-1.1981933215887264
45087,-0.73822359894724765
45089,-0.9559829179345641
45091,0.48249596952805923
46003,-0.3654582211362826
46005,-0.45073094077504633
46007,-0.39920501960460286
46009,-0.34248541318871967
46011,0.8186776874952543
46013,-0.839186793620712
46015,-0.44634249988964647
46017,-1.049103273301482
46019,1.890315905441073
46021,-0.23894814106882653
46023,-0.3332274676935634
46025,-0.3245712291113257
46027,1.6247223996628315
46029,2.268378163066776
46031,-0.3374907641898556
46033,-0.8016022228958736
46035,-0.4180164456996177
46037,-0.4877278326660209
46039,-0.40893714710882517
46041,-0.8667824790256276
46043,-0.18080875757356402
46045,-0.29441929439945413
46047,-0.2736927271560101
46049,-0.11683608010995115
46051,-0.3841334725862203
46053,-0.290260009044765
46055,-0.20588556192597082
46057,1.085676239468401
46059,-0.3348914779489358
46061,-0.34870223926077587
46063,-0.2117449392009418
46065,1.3120286376888353
46067,-0.2919184545074195
46069,-0.3446382629331281
46071,-0.266973113463499
46073,-0.43472689437619627
46075,-0.16943695965702787
46077,-0.39557169363418987
46079,0.3739755374410763
46081,1.1808457736475173
46083,0.6766291355045516
46085,-0.3445510089824929
46087,-0.6501759571401542
46089,-0.19763260412037578
46091,-0.6428426321123261
46093,2.1163537075969145
46095,-0.2623176728860515
46097,-0.3565628100041249
46099,2.066968723598869
46101,-0.5706114565740523
46102,2.5464785755768236
46103,1.9381869520297363
46105,-0.22510669187298996
46107,1.234525831633478
46109,-0.6128719685073479
46111,-0.29108036363955264
46115,0.8641763262458637
46117,0.7125164628592499
46119,-0.29053992013208224
46121,-0.9947186868369464
46123,-0.20318021614292742
46125,-0.6278220048450502
46127,-0.7796771140655903
46129,-0.2672422661727184
46135,-0.5913806044918922
46137,-0.5292849733840805
47001,-0.06782138285438936
47003,0.39651827790892785
47005,-0.3608561411717665
47007,-0.22778749004786378
47009,-0.052097980609551973
47011,0.2245369561049258
47013,0.7463546540889824
47015,0.6198523075996462
47017,-0.5740564195663271
47019,0.5768391824359816
47021,-0.14208000455707157
47023,-0.6377095374225771
47025,-0.42992279781042875
47027,-0.2665182272079691
47029,-0.4298617252887441
47031,-0.7067500370759873
47033,-0.6990983580193094
47035,-0.6348945076661958
47037,2.0471158306548727
47039,-0.28414302414675696
47041,-0.3037849673281728
47043,-0.918252069524666
47045,1.4916333281158152
47047,-0.04180114015289589
47049,-0.24798786298545483
47051,2.031084129890707
47053,-0.8168293024472374
47055,-0.6476316065718469
47057,-0.5531703241757736
47059,-0.5286674705216241
47061,-0.2876906225114886
47063,-0.7300963061842543
47065,0.6700427095539483
47067,-0.1378374624401632
47069,-0.9433902157245523
47071,-0.3989434473990621
47073,-0.5412428770318821
47075,-1.1346458464650957
47077,-0.4840070563653314
47079,-0.4240173151742791
47081,0.3861036548730966
47083,-0.46622412765658033
47085,0.8106332453507937
47087,-0.32664698769155076
47089,-0.7711732294124806
47091,1.2462859445058292
47093,0.8675883046110652
47095,-0.2603988026546388
47097,0.3545074946868082
47099,-0.49262502864228647
47101,-0.3848374744670175
47103,-0.6265852464057106
47105,-0.8838634347755562
47107,1.3038718780142895
47109,-0.3321184734894027
47111,-0.5307124496922985
47113,2.0263517291445656
47115,-0.685051952511647
47117,-0.6433762923582257
47119,-0.06745440373665175
47121,-0.3617438506287696
47123,-0.5094487160588124
47125,0.5022801096958275
47127,-0.4238673480694243
47129,0.8372663313170418
47131,1.0522641213092565
47133,1.1045355131299763
47135,1.1400776279806524
47137,-0.22356106722654284
47139,-0.6575971877076436
47141,1.0443728165370123
47143,-0.5318445944151293
47145,-0.8377078451660077
47147,-0.9650498412201274
47149,-0.73823309885763
47151,-0.17466476099626124
47153,-0.46216648825952034
47155,0.49277507341442095
47157,1.2674229444458782
47159,-0.6730153273592151
47161,-0.7800571408102284
47163,0.3064134563339073
47165,-0.21566291846227784
47167,-0.8831123853433869
47169,-0.8133403992624684
47171,-0.6630295666260928
47173,-0.6168830091013827
47175,-0.3752820103383477
47177,-0.6520290665957865
47179,1.1274802263315082
47181,-0.2680685921425878
47183,-0.5323956851332179
47185,-0.38309431354892987
47187,-0.6016221625642749
47189,-1.1949772884338634
48001,1.2393303415345076
48003,-0.7741037292325291
48005,-0.025714852327317562
48007,1.2021471589626682
48009,-0.8483201371911877
48011,-0.9216982848122564
48013,-0.32962192985611766
48015,-0.5251816043944856
48017,-1.0938922363941794
48019,-1.4220351488255418
48021,-0.5584626614390413
48023,-0.41645363519645406
48025,-1.5311364300254489
48027,-0.9889560325661989
48029,1.0859325830471005
48031,-0.9485145512702484
48033,-0.5552288571944327
48035,-1.0756855309020183
48037,0.4184016940041654
48039,-0.23612532599914085
48041,-1.3622944491064646
48043,1.3263897471356136
48045,-0.4243230209879637
48047,1.8300972933596777
48049,-0.7195916581567848
48051,-1.0231640532467374
48053,0.32203775832454556
48055,-1.1288957142217213
48057,-0.2688374330148738
48059,-0.9262733114705065
48061,2.1214551480240633
48063,0.5586475101822764
48065,0.055222515993769
48067,1.0803165189316208
48069,0.33560198490283677
48071,0.48435334106250627
48073,0.29271943549183765
48075,-0.6177346862585235
48077,-0.953155223664549
48079,-0.6796903577069281
48081,-0.48234919177514113
48083,-0.4704886765447135
48085,0.4741482333784915
48087,-0.378030909825195
48089,-1.1046801575735832
48091,-0.24429200204857773
48093,-0.5318982429981656
48095,-0.5490438295207167
48097,0.10054111850279587
48099,-0.287061754769077
48101,-0.4217318626519006
48103,-0.9206895734661268
48105,-1.666843159219974
48107,-1.076806797008429
48109,-1.0506921316943918
48111,-0.6171859180299443
48113,0.9148308457954295
48115,-0.7786750050654091
48117,-0.9287073247134789
48119,-0.5688003032838119
48121,0.9936938806653984
48123,-0.17180354331529182
48125,-0.5597577539531221
48127,0.4669238807862774
48129,0.6484828876940101
48131,0.6831205814810513
48133,0.7930682151966775
48135,0.7791380442168093
48137,0.7183190080578604
48139,-0.4222063184264019
48141,0.7533611441266832
48143,-0.8138775493905508
48145,-1.2857805880001731
48147,-0.7999919875187032
48149,0.5752053857517397
48151,-0.7167119996477841
48153,1.4259592915277552
48155,-0.4508407975226981
48157,0.08433457431247976
48159,-0.6816928750379183
48161,-0.613967794697821
48163,-1.833477372811785
48165,0.16666258603555054
48167,0.8802887865918514
48169,-0.9197619403414293
48171,0.25311620356367925
48173,-0.6132941538542838
48175,1.4088964678701856
48177,-0.4462498599343538
48179,-0.6507297610177374
48181,0.7252238518160985
48183,0.26682043191449534
48185,0.1309300159163159
48187,-0.617275057787379
48189,-0.8655607277661816
48191,-0.5512840300828895
48193,-0.4553156889552051
48195,-0.7371968330472072
48197,-0.6167337683492277
48199,-0.34676924479419013
48201,1.1419103729008153
48203,-1.0693294640616944
48205,-0.579868394599563
48207,-0.6019825667657718
48209,0.010358249372438184
48211,-0.7915687375673887
48213,-0.866210892272492
48215,1.3361311570424135
48217,-0.8513099906799296
48219,-0.07141502947079567
48221,-1.014862772960274
48223,-0.8648070523690624
48225,2.435316891401702
48227,-0.8939961475022434
48229,1.743225851811436
48231,-0.32831454147365435
48233,-0.8393675073096178
48235,-1.2843826669456277
48237,2.9799091867030043
48239,-1.1547161613641606
48241,-0.9161391404994047
48243,-1.0220457956743985
48245,-0.12262476931463916
48247,0.6695445197216088
48249,-0.3858445623507913
48251,1.046421810952277
48253,-0.9125531075503458
48255,2.0519169839846225
48257,-0.9498997043856059
48259,-0.6606529045435937
48261,0.37736286799556606
48263,-0.666890064491188
48265,0.6444697782174079
48267,0.29376506827358206
48269,1.010255081086926
48271,1.7071596619799778
48273,-0.24951744289903954
48275,-0.7304593429060007
48277,0.1840706597493411
48279,-0.8215294719219715
48281,-0.06384213452010384
48283,-1.0199705928002472
48285,0.13998062628105448
48287,-0.7717587950866382
48289,-0.5420287702797102
48291,1.7406256374234839
48293,0.8973976977455457
48295,-0.580337075834946
48297,-0.8444159443671578
48299,1.007235143877941
48301,2.2850831342782456
48303,1.9718530770012141
48305,-0.8668423020406233
48307,4.168619597668492
48309,1.2590898368528811
48311,-0.8597086139016354
48313,-0.6945743505564643
48315,-0.6853601579296115
48317,-0.9412129575507998
48319,-0.7450973644565408
48321,1.105531158841445
48323,1.6665705942368685
48325,-1.9240997744371195
48327,-0.48918291095977107
48329,-1.1816513385890548
48331,0.7164100405357289
48333,-0.660392173113144
48335,-0.6102592616689222
48337,-0.6843015427432069
48339,0.7926580192355702
48341,-0.6342200848080947
48343,-0.7278697326768228
48345,-0.4711942646278154
48347,1.5681067737644085
48349,-0.9550851256030568
48351,-0.6652569477713688
48353,0.947003890256389
48355,1.5043385491258063
48357,-0.41743105444155476
48359,0.4575357654664227
48361,0.9768350430973186
48363,-0.7857729150267533
48365,0.16146239964864698
48367,0.8206476682249844
48369,-0.676331831020428
48371,0.06997371762155974
48373,-1.1892447019056402
48375,1.2617963066979205
48377,-1.058985930749976
48379,-0.6310833407171614
48381,0.2964187456427615
48383,-0.9170060196250113
48385,-0.9119169653975813
48387,0.6610346273356131
48389,-1.3060648313040695
48391,1.377453802409313
48393,-0.5921535158800144
48395,-1.1044810009955757
48397,-0.49010781228427946
48399,-0.6001604657024396
48401,-1.0732159276930489
48403,-0.4809412744912318
48405,0.9094746470394672
48407,2.767788644057711
48409,0.3125479839072251
48411,0.6959109180857755
48413,-1.005736409359741
48415,-0.6216263537433606
48417,-0.4809588972946034
48419,0.8478856896747157
48421,-0.5376817392607394
48423,1.2683655222994903
48425,-0.7366977411766262
48427,2.3325825543470966
48429,-0.4913854535443844
48431,-0.6019412716384134
48433,-0.6345497228139713
48435,0.10930121843915763
48437,-0.3450136715713734
48439,1.6606743726266355
48441,0.6752211647928852
48443,2.182313906463765
48445,-0.7091104218508705
48447,-0.4231485783505664
48449,0.40992259365740413
48451,0.050541194152227784
48453,0.8561826237243041
48455,-0.5479183301969073
48457,0.4231245858635449
48459,-0.9098178458888232
48461,-0.6937260828726355
48463,2.4076375469855726
48465,1.4479499958180326
48467,1.3723755538386853
48469,-0.9202581933020128
48471,-1.5130180979014594
48473,-0.4683602280531148
48475,-0.8199811036613397
48477,0.4732607271915576
48479,0.39271367764229714
48481,-0.5024135917267593
48483,-0.4464784874009083
48485,0.6778255573408606
48487,-0.7918473559682294
48489,0.05780567873049668
48491,-0.5385002363234681
48493,-0.4448094375291685
48495,0.14542262776731402
48497,-0.1351667198578209
48499,0.9208463419506148
48501,1.054245521663182
48503,0.7763484889874639
48505,1.142552451156277
48507,0.3866447731872498
49001,-0.4400762862626043
49003,-0.7856066439384443
49005,0.3375252599321403
49007,-0.5818022062475863
49009,-0.5641194319602539
49011,-0.3185349612149255
49013,1.0059622238908015
49015,-0.3747310239840438
49017,0.7079665299056046
49019,0.6820097641328955
49021,0.39688719297191877
49023,-0.6838215240321316
49025,0.441673140953795
49027,3.469742003062069
49029,-1.0777827260658248
49031,-0.39981551699936047
49033,-0.45225086807223475
49035,1.9117930028403127
49037,-1.1228853293550585
49039,1.3911387385340142
49041,0.983795993713182
49043,-0.9681461591059638
49045,-1.346182098794721
49047,-0.4396589905807421
49049,1.1074309527738353
49051,-1.4242098335554758
49053,1.0838667205945611
49055,-0.6311730910027702
49057,-0.20593544709436595
50001,-0.8391900229359366
50003,-0.8948986953949626
50005,0.6877058519027767
50007,1.9142786477626954
50009,2.614399497207039
50011,1.052321174161677
50013,-1.5149106478912067
50015,0.98601293150257
50017,-0.05859836460480108
50019,3.105015266251104
50021,1.5069138942787066
50023,0.7208199790737058
50025,0.16989041246834946
50027,0.9847059468844498
51001,-0.48930630480839427
51003,0.5852386422617079
51005,-0.765550631580726
51007,-1.313837372233245
51009,2.147393721081076
51011,-0.8347807243808985
51013,-1.0453201690167604
51015,-1.0788819791016053
51017,-0.41276320149254475
51019,-0.992104347674582
51021,-0.3432825828782706
51023,-1.1078327701846336
51025,-1.6286281270233707
51027,-0.22568808357594436
51029,0.9072147604067987
51031,1.2034373337899364
51033,-0.05810191936629672
51035,-0.5037671736489897
51036,-2.3617160585408192
51037,-0.44977281269862607
51041,-1.2551735681879308
51043,-1.5756293658337674
51045,-0.6707484522273297
51047,-0.11343682903451077
51049,-0.9567239232155054
51051,1.1412073918444292
51053,-1.7293978067990727
51057,-1.4539353985963486
51059,-0.46149524687974275
51061,0.22939541716765982
51063,-1.1386206607936094
51065,-1.7222116570279662
51067,0.03158836325774752
51069,-0.6348892806143845
51071,-0.8448970338962101
51073,-0.8718834120539288
51075,-1.6493156813856085
51077,-0.4002833709565129
51079,-1.3694400745227429
51081,-2.068610325825317
51083,0.028773276147932635
51085,-1.1311200476570749
51087,-1.877551984719361
51089,0.06339376728298111
51091,-0.5963249998990239
51093,-1.9392849515432131
51095,-1.1295657120190903
51097,-1.441688172051986
51099,0.4094433729250653
51101,-0.7441542417109231
51103,-1.4584495051572477
51105,1.4361489484276846
51107,-0.20783701282246073
51109,-0.928562655594303
51111,-0.7602255299999792
51113,-0.855408619994325
51115,-1.5011274352600625
51117,1.0699938756424208
51119,0.16499828532999766
51121,0.046889861640190704
51125,-1.347524198353812
51127,-1.9033455632882539
51131,-1.592348454532693
51133,-1.2723368088931528
51135,-0.7233470208815104
51137,-0.35056144428629277
51139,-0.552410149489852
51141,0.7498890823913326
51143,1.0316671511626618
51145,-1.2490967481059094
51147,0.4074552923403695
51149,-0.48234632485635515
51153,0.38406707900496234
51155,0.15329402388920907
51157,-0.8172992617109764
51159,-1.1338385744553563
51161,-1.451850370707103
51163,-0.1466767987990304
51165,-0.2985060498925197
51167,-0.29669663033349053
51169,-0.5133495591266842
51171,-0.015022792344019672
51173,-0.3807257242147638
51175,-1.570182900828491
51177,-1.8672824178061826
51179,0.15502041369247152
51181,-1.9925156493451548
51183,-2.113162222917799
51185,1.201405573605254
51187,-0.28143044124709027
51191,-0.8397327377998441
51193,-1.2671965037227253
51195,1.0666062360021888
51197,-0.5556366093261432
51199,-1.8934485604067848
51510,-3.564189350964453
51520,-0.8806041963577873
51530,-0.6417347554866228
51540,1.4368664008942904
51550,-1.8389263754481349
51570,-1.964026152743708
51580,-0.7167832467872407
51590,-1.4294984571701554
51595,-2.6412518153816604
51600,0.7679927980143901
51610,-2.1981131853470397
51620,-2.1737209023818247
51630,-2.438586660449114
51640,-0.6171552301125729
51650,-1.743627650987399
51660,-0.2076948472110241
51670,-2.246317822810411
51678,-2.0613266128054515
51680,-0.10241336060010633
51683,-1.9787723280312806
51685,-3.3557014447130027
51690,-0.880379947231042
51700,-2.3709973368890407
51710,0.47304613461395656
51720,-0.44024911332911876
51730,-3.424506241950074
51735,-1.663478162416422
51740,-2.8656299019155247
51750,-1.0750287534286391
51760,1.055919410292373
51770,-0.7618629600453046
51775,-1.4507331351166257
51790,-1.9354009928870408
51800,-2.57305151126896
51810,-0.7414844634956214
51820,-0.8428735593201074
51830,-2.6418828819510836
51840,-2.0285506203822514
53001,3.700503938110924
53003,2.4575338325420395
53005,2.132800620308438
53007,1.5401545805042156
53009,2.2132746294448054
53011,0.6708994036056578
53013,-0.3861578968481852
53015,-1.1864951732461468
53017,1.5156224685999036
53019,0.9938200974379009
53021,0.16933264066432407
53023,-0.3473112667065508
53025,0.9845567489706908
53027,0.9952163076674823
53029,-0.17790902522973803
53031,-0.3145515423150588
53033,0.7332300305924184
53035,2.123949641436353
53037,0.9883992693874551
53039,0.48798419138826743
53041,1.7636526050285897
53043,0.7257676086741427
53045,0.38048484438560753
53047,1.9060616276634124
53049,1.3295741106189058
53051,2.4435665081633706
53053,2.1583670772012136
53055,-0.39605557806679653
53057,2.0503811177516362
53059,-0.586662879671768
53061,0.30907719285331386
53063,1.1849484185508046
53065,-0.8635605721581036
53067,0.9344147123179982
53069,-0.7293324465288452
53071,-1.1573490356989657
53073,1.6318117505077698
53075,0.8098762873791003
53077,2.8931453944483705
54001,-0.19885995380375668
54003,0.2206881914539941
54005,-0.40122212163970195
54007,-0.24477277886618257
54009,-0.6711349898783517
54011,1.031125899767653
54013,-0.08886958705334952
54015,-0.26680956148901064
54017,-0.19536760420777582
54019,0.7108750414373675
54021,-0.314505796741944
54023,-0.16978900590149848
54025,-0.4189403440070927
54027,0.9074837326562618
54029,-0.5580138060621256
54031,-0.27804354822721805
54033,1.4253161882368424
54035,-0.2350023706493562
54037,-1.218163790055696
54039,0.8274525745541423
54041,-0.20302668665820858
54043,-0.18603014894150557
54045,-0.23195870148382577
54047,1.7275778972909117
54049,0.4995685395815
54051,0.7146921573119921
54053,1.088815857444397
54055,1.0543829114616567
54057,-0.264251211881448
54059,1.8460728357134053
54061,0.6583573090299064
54063,-0.23709795808042078
54065,-0.5987306288651048
54067,1.3945716506142547
54069,-0.7792812672678485
54071,-0.2549815258253903
54073,-0.3246270906912595
54075,-0.23158783213983572
54077,-0.48921403319849355
54079,-0.6556572256867993
54081,-0.3859561450564941
54083,-0.33339767099016004
54085,-0.12958622211471735
54087,-0.2370757615519596
54089,-0.24465988397155644
54091,-0.4142035118308586
54093,-0.3395544018021751
54095,-0.1790729801146114
54097,1.3551392788366838
54099,-0.4861734939413994
54101,-0.1519903785406707
54103,1.3222549214290535
54105,-0.35642194147327644
54107,1.2975578540614665
54109,-0.12107892740481505
55001,-0.34849862669976894
55003,0.09845295611839788
55005,-0.537374882242091
55007,-1.196947255123607
55009,1.5058657583018198
55011,0.9561746985687195
55013,-0.3406942750687908
55015,-0.8665632307190225
55017,0.37247857114021243
55019,-0.2920312179789525
55021,-0.050489870883758704
55023,1.2077705136084314
55025,0.5445082722542168
55027,1.3836269811690987
55029,-0.91719640362084
55031,-1.4753864492371473
55033,-0.6673096125087867
55035,0.9262961818410683
55037,-0.2759726308005202
55039,1.1455743162143175
55041,-0.3341129477501332
55043,-0.5725414399834606
55045,1.3981931059464927
55047,-0.42712059889651427
55049,-1.1393989022301396
55051,-0.6112961371564066
55053,-0.42939153592502965
55055,0.36552639740391296
55057,-0.3069423382383811
55059,2.299219718308606
55061,-0.6473978933289413
55063,-1.0928701485015124
55065,0.8130902333782546
55067,-0.45063996726794014
55069,0.6402133455844027
55071,2.270189740635563
55073,-0.7908303433442989
55075,-0.49680721848599796
55077,-0.34038136171675365
55078,-1.7338051812821036
55079,2.448180048888142
55081,-0.5759325602401903
55083,-0.5375298532578293
55085,0.7447414305958566
55087,-0.9886786731726102
55089,-0.0917158347407514
55091,1.721913213495519
55093,-0.8088292746912279
55095,-0.3900871044337607
55097,-0.8955934692821955
55099,-0.3349843167930694
55101,1.1229326402886834
55103,-0.4347794944655936
55105,0.4062112394567264
55107,-0.2913145050097515
55109,0.17270748711011033
55111,-0.9058494100074832
55113,1.5353664897807087
55115,1.4952829896368756
55117,0.8598157809746526
55119,-0.25976251598593825
55121,-0.481759654154859
55123,-0.7780966969150713
55125,-0.44516532375844464
55127,0.4844151460179485
55129,-0.369822795814458
55131,-0.6764245858916802
55133,1.2167749360563238
55135,0.7709392329748189
55137,-0.32946526484111
55139,0.008665166226846576
55141,2.5999397230495656
56001,0.4268267224016866
56003,-0.38331806608020547
56005,2.0112428417566544
56007,-0.4450686297578817
56009,-0.4961387485902072
56011,-0.3754385988484065
56013,1.5302653346726303
56015,-0.4304852448004924
56017,0.9874432202478195
56019,0.919188352258617
56021,1.1006089161480248
56023,1.6709820852016966
56025,0.6997902060212253
56027,-0.22256531456040257
56029,-0.5066481709387085
56031,-0.42548046298398473
56033,-0.6082347402293566
56035,-0.46779020787388
56037,2.8291835952151434
56039,-0.2655824497498324
56041,0.7892947717371286
56043,0.8289453662160935
56045,1.0879603498670927
72001,-0.03919115608697044
72003,-0.2017211868091211
72005,1.7071254178571207
72007,-0.13542147280923933
72009,-0.12950363823908315
72011,-0.19718549974881566
72013,-0.13760810866667691
72015,-0.08061940775835398
72017,-0.12858481797050994
72019,-0.10076131095983408
72021,-0.27801249848109716
72023,1.4887810037438707
72025,-0.21179434433566433
72027,-0.16532358657302196
72029,-0.22551732662523882
72031,-0.3251288839888448
72033,-0.18658642374775758
72035,-0.1791506627441309
72037,-0.14180819539829972
72039,-0.061997429784490056
72041,-0.20043397133336108
72043,-0.06669432448894906
72045,-0.08351538518211155
72047,-0.13130861452343687
72049,2.496337374295329
72051,-0.2763179175865311
72053,-0.15266560013330685
72054,-0.09549554364244522
72055,-0.03378276371772068
72057,-0.10286383244427764
72059,-0.09355179967813448
72061,-0.38781946853326615
72063,-0.23923749944632922
72065,-0.19096869985863021
72067,-0.16615220417960821
72069,-0.1743152130507029
72071,-0.11339739806059147
72073,-0.05605783149650042
72075,-0.13803077964103788
72077,-0.22693038574673438
72079,-0.07916516438652636
72081,-0.05754712412968195
72083,-0.035661632911592765
72085,-0.18313412107394092
72087,1.6493291208707004
72089,-0.13074341896735456
72091,-0.11820554253728101
72093,-0.03825324464181548
72095,-0.08300565053443557
72097,1.8350672241167771
72099,-0.1191395123941697
72101,-0.10428443039017146
72103,-0.10406609739380322
72105,-0.09780305472808767
72107,-0.08307453813941973
72109,-0.10392846287871467
72111,-0.08953253726875647
72113,-0.09718054616829166
72115,-0.12658571770657265
72117,-0.2342361402852801
72119,-0.1834704247864063
72121,-0.12877821813789106
72123,-0.08085546113437754
72125,-0.08720928200643278
72127,1.1860576362267625
72129,-0.12758176944848323
72131,-0.08570099798318295
72133,-0.09275670331453237
72135,-0.24583409393168837
72137,-0.26419086604383546
72139,-0.33878540299194554
72141,-0.06017702746327762
72143,-0.15706735018178833
72145,-0.14569276473195403
72147,-0.04257931845858522
72149,-0.14331338303179172
72151,-0.09654841716687362
72153,-0.12372336742490427
